PassengerId,Pclass,Sex,Age,Fare,Embarked,FamilySize,isAlone,Title,TicketPrefix,CabinLetter
1,3,male,22.0,7.25,S,2,False,Mr,A/,Unknown
2,1,female,38.0,71.2833,C,2,False,Mrs,PC,C
3,3,female,26.0,7.925,S,1,True,Miss,STON/O,Unknown
4,1,female,35.0,53.1,S,2,False,Mrs,Unknown,C
5,3,male,35.0,8.05,S,1,True,Mr,Unknown,Unknown
6,3,male,25.0,8.4583,Q,1,True,Mr,Unknown,Unknown
7,1,male,54.0,51.8625,S,1,True,Mr,Unknown,E
8,3,male,2.0,21.075,S,5,False,Master,Unknown,Unknown
9,3,female,27.0,11.1333,S,3,False,Mrs,Unknown,Unknown
10,2,female,14.0,30.0708,C,2,False,Mrs,Unknown,Unknown
11,3,female,4.0,16.7,S,3,False,Miss,PP,G
12,1,female,58.0,26.55,S,1,True,Miss,Unknown,C
13,3,male,20.0,8.05,S,1,True,Mr,A/,Unknown
14,3,male,39.0,31.275,S,7,False,Mr,Unknown,Unknown
15,3,female,14.0,7.8542,S,1,True,Miss,Unknown,Unknown
16,2,female,55.0,16.0,S,1,True,Mrs,Unknown,Unknown
17,3,male,2.0,29.125,Q,6,False,Master,Unknown,Unknown
18,2,male,30.0,13.0,S,1,True,Mr,Unknown,Unknown
19,3,female,31.0,18.0,S,2,False,Mrs,Unknown,Unknown
20,3,female,21.5,7.225,C,1,True,Mrs,Unknown,Unknown
21,2,male,35.0,26.0,S,1,True,Mr,Unknown,Unknown
22,2,male,34.0,13.0,S,1,True,Mr,Unknown,D
23,3,female,15.0,8.0292,Q,1,True,Miss,Unknown,Unknown
24,1,male,28.0,35.5,S,1,True,Mr,Unknown,A
25,3,female,8.0,21.075,S,5,False,Miss,Unknown,Unknown
26,3,female,38.0,31.3875,S,7,False,Mrs,Unknown,Unknown
27,3,male,25.0,7.225,C,1,True,Mr,Unknown,Unknown
28,1,male,19.0,263.0,S,6,False,Mr,Unknown,C
29,3,female,21.5,7.8792,Q,1,True,Miss,Unknown,Unknown
30,3,male,25.0,7.8958,S,1,True,Mr,Unknown,Unknown
31,1,male,40.0,27.7208,C,1,True,Don,PC,Unknown
32,1,female,35.0,146.5208,C,2,False,Mrs,PC,B
33,3,female,21.5,7.75,Q,1,True,Miss,Unknown,Unknown
34,2,male,66.0,10.5,S,1,True,Mr,C.A.,Unknown
35,1,male,28.0,82.1708,C,2,False,Mr,PC,Unknown
36,1,male,42.0,52.0,S,2,False,Mr,Unknown,Unknown
37,3,male,25.0,7.2292,C,1,True,Mr,Unknown,Unknown
38,3,male,21.0,8.05,S,1,True,Mr,A./,Unknown
39,3,female,18.0,18.0,S,3,False,Miss,Unknown,Unknown
40,3,female,14.0,11.2417,C,2,False,Miss,Unknown,Unknown
41,3,female,40.0,9.475,S,2,False,Mrs,Unknown,Unknown
42,2,female,27.0,21.0,S,2,False,Mrs,Unknown,Unknown
43,3,male,25.0,7.8958,C,1,True,Mr,Unknown,Unknown
44,2,female,3.0,41.5792,C,4,False,Miss,SC/Paris,Unknown
45,3,female,19.0,7.8792,Q,1,True,Miss,Unknown,Unknown
46,3,male,25.0,8.05,S,1,True,Mr,S.C./A.,Unknown
47,3,male,25.0,15.5,Q,2,False,Mr,Unknown,Unknown
48,3,female,21.5,7.75,Q,1,True,Miss,Unknown,Unknown
49,3,male,25.0,21.6792,C,3,False,Mr,Unknown,Unknown
50,3,female,18.0,17.8,S,2,False,Mrs,Unknown,Unknown
51,3,male,7.0,39.6875,S,6,False,Master,Unknown,Unknown
52,3,male,21.0,7.8,S,1,True,Mr,A/,Unknown
53,1,female,49.0,76.7292,C,2,False,Mrs,PC,D
54,2,female,29.0,26.0,S,2,False,Mrs,Unknown,Unknown
55,1,male,65.0,61.9792,C,2,False,Mr,Unknown,B
56,1,male,40.0,35.5,S,1,True,Mr,Unknown,C
57,2,female,21.0,10.5,S,1,True,Miss,C.A.,Unknown
58,3,male,28.5,7.2292,C,1,True,Mr,Unknown,Unknown
59,2,female,5.0,27.75,S,4,False,Miss,C.A.,Unknown
60,3,male,11.0,46.9,S,8,False,Master,CA,Unknown
61,3,male,22.0,7.2292,C,1,True,Mr,Unknown,Unknown
62,1,female,38.0,80.0,C,1,True,Miss,Unknown,B
63,1,male,45.0,83.475,S,2,False,Mr,Unknown,C
64,3,male,4.0,27.9,S,6,False,Master,Unknown,Unknown
65,1,male,40.0,27.7208,C,1,True,Mr,PC,Unknown
66,3,male,25.0,15.2458,C,3,False,Master,Unknown,Unknown
67,2,female,29.0,10.5,S,1,True,Mrs,C.A.,F
68,3,male,19.0,8.1583,S,1,True,Mr,S.P.,Unknown
69,3,female,17.0,7.925,S,7,False,Miss,Unknown,Unknown
70,3,male,26.0,8.6625,S,3,False,Mr,Unknown,Unknown
71,2,male,32.0,10.5,S,1,True,Mr,C.A.,Unknown
72,3,female,16.0,46.9,S,8,False,Miss,CA,Unknown
73,2,male,21.0,73.5,S,1,True,Mr,S.O.C.,Unknown
74,3,male,26.0,14.4542,C,2,False,Mr,Unknown,Unknown
75,3,male,32.0,56.4958,S,1,True,Mr,Unknown,Unknown
76,3,male,25.0,7.65,S,1,True,Mr,Unknown,F
77,3,male,25.0,7.8958,S,1,True,Mr,Unknown,Unknown
78,3,male,25.0,8.05,S,1,True,Mr,Unknown,Unknown
79,2,male,0.83,29.0,S,3,False,Master,Unknown,Unknown
80,3,female,30.0,12.475,S,1,True,Miss,Unknown,Unknown
81,3,male,22.0,9.0,S,1,True,Mr,Unknown,Unknown
82,3,male,29.0,9.5,S,1,True,Mr,Unknown,Unknown
83,3,female,21.5,7.7875,Q,1,True,Miss,Unknown,Unknown
84,1,male,28.0,47.1,S,1,True,Mr,Unknown,Unknown
85,2,female,17.0,10.5,S,1,True,Miss,SO/C,Unknown
86,3,female,33.0,15.85,S,4,False,Mrs,Unknown,Unknown
87,3,male,16.0,34.375,S,5,False,Mr,W./C.,Unknown
88,3,male,25.0,8.05,S,1,True,Mr,SOTON/OQ,Unknown
89,1,female,23.0,263.0,S,6,False,Miss,Unknown,C
90,3,male,24.0,8.05,S,1,True,Mr,Unknown,Unknown
91,3,male,29.0,8.05,S,1,True,Mr,Unknown,Unknown
92,3,male,20.0,7.8542,S,1,True,Mr,Unknown,Unknown
93,1,male,46.0,61.175,S,2,False,Mr,W.E.P.,E
94,3,male,26.0,20.575,S,4,False,Mr,C.A.,Unknown
95,3,male,59.0,7.25,S,1,True,Mr,Unknown,Unknown
96,3,male,25.0,8.05,S,1,True,Mr,Unknown,Unknown
97,1,male,71.0,34.6542,C,1,True,Mr,PC,A
98,1,male,23.0,63.3583,C,2,False,Mr,PC,D
99,2,female,34.0,23.0,S,2,False,Mrs,Unknown,Unknown
100,2,male,34.0,26.0,S,2,False,Mr,Unknown,Unknown
101,3,female,28.0,7.8958,S,1,True,Miss,Unknown,Unknown
102,3,male,25.0,7.8958,S,1,True,Mr,Unknown,Unknown
103,1,male,21.0,77.2875,S,2,False,Mr,Unknown,D
104,3,male,33.0,8.6542,S,1,True,Mr,Unknown,Unknown
105,3,male,37.0,7.925,S,3,False,Mr,Unknown,Unknown
106,3,male,28.0,7.8958,S,1,True,Mr,Unknown,Unknown
107,3,female,21.0,7.65,S,1,True,Miss,Unknown,Unknown
108,3,male,25.0,7.775,S,1,True,Mr,Unknown,Unknown
109,3,male,38.0,7.8958,S,1,True,Mr,Unknown,Unknown
110,3,female,21.5,24.15,Q,2,False,Miss,Unknown,Unknown
111,1,male,47.0,52.0,S,1,True,Mr,Unknown,C
112,3,female,14.5,14.4542,C,2,False,Miss,Unknown,Unknown
113,3,male,22.0,8.05,S,1,True,Mr,Unknown,Unknown
114,3,female,20.0,9.825,S,2,False,Miss,Unknown,Unknown
115,3,female,17.0,14.4583,C,1,True,Miss,Unknown,Unknown
116,3,male,21.0,7.925,S,1,True,Mr,STON/O,Unknown
117,3,male,70.5,7.75,Q,1,True,Mr,Unknown,Unknown
118,2,male,29.0,21.0,S,2,False,Mr,Unknown,Unknown
119,1,male,24.0,247.5208,C,2,False,Mr,PC,B
120,3,female,2.0,31.275,S,7,False,Miss,Unknown,Unknown
121,2,male,21.0,73.5,S,3,False,Mr,S.O.C.,Unknown
122,3,male,25.0,8.05,S,1,True,Mr,A,Unknown
123,2,male,32.5,30.0708,C,2,False,Mr,Unknown,Unknown
124,2,female,32.5,13.0,S,1,True,Miss,Unknown,E
125,1,male,54.0,77.2875,S,2,False,Mr,Unknown,D
126,3,male,12.0,11.2417,C,2,False,Master,Unknown,Unknown
127,3,male,25.0,7.75,Q,1,True,Mr,Unknown,Unknown
128,3,male,24.0,7.1417,S,1,True,Mr,C,Unknown
129,3,female,21.5,22.3583,C,3,False,Miss,Unknown,F
130,3,male,45.0,6.975,S,1,True,Mr,Unknown,Unknown
131,3,male,33.0,7.8958,C,1,True,Mr,Unknown,Unknown
132,3,male,20.0,7.05,S,1,True,Mr,SOTON/O.Q.,Unknown
133,3,female,47.0,14.5,S,2,False,Mrs,A/,Unknown
134,2,female,29.0,26.0,S,2,False,Mrs,Unknown,Unknown
135,2,male,25.0,13.0,S,1,True,Mr,C.A.,Unknown
136,2,male,23.0,15.0458,C,1,True,Mr,SC/PARIS,Unknown
137,1,female,19.0,26.2833,S,3,False,Miss,Unknown,D
138,1,male,37.0,53.1,S,2,False,Mr,Unknown,C
139,3,male,16.0,9.2167,S,1,True,Mr,Unknown,Unknown
140,1,male,24.0,79.2,C,1,True,Mr,PC,B
141,3,female,21.5,15.2458,C,3,False,Mrs,Unknown,Unknown
142,3,female,22.0,7.75,S,1,True,Miss,Unknown,Unknown
143,3,female,24.0,15.85,S,2,False,Mrs,STON/O,Unknown
144,3,male,19.0,6.75,Q,1,True,Mr,Unknown,Unknown
145,2,male,18.0,11.5,S,1,True,Mr,Unknown,Unknown
146,2,male,19.0,36.75,S,3,False,Mr,C.A.,Unknown
147,3,male,27.0,7.7958,S,1,True,Mr,Unknown,Unknown
148,3,female,9.0,34.375,S,5,False,Miss,W./C.,Unknown
149,2,male,36.5,26.0,S,3,False,Mr,Unknown,F
150,2,male,42.0,13.0,S,1,True,Rev,Unknown,Unknown
151,2,male,51.0,12.525,S,1,True,Rev,S.O.P.,Unknown
152,1,female,22.0,66.6,S,2,False,Mrs,Unknown,C
153,3,male,55.5,8.05,S,1,True,Mr,A.,Unknown
154,3,male,40.5,14.5,S,3,False,Mr,A/,Unknown
155,3,male,25.0,7.3125,S,1,True,Mr,Fa,Unknown
156,1,male,51.0,61.3792,C,2,False,Mr,PC,Unknown
157,3,female,16.0,7.7333,Q,1,True,Miss,Unknown,Unknown
158,3,male,30.0,8.05,S,1,True,Mr,SOTON/OQ,Unknown
159,3,male,25.0,8.6625,S,1,True,Mr,Unknown,Unknown
160,3,male,25.0,69.55,S,11,False,Master,CA.,Unknown
161,3,male,44.0,16.1,S,2,False,Mr,Unknown,Unknown
162,2,female,40.0,15.75,S,1,True,Mrs,C.A.,Unknown
163,3,male,26.0,7.775,S,1,True,Mr,Unknown,Unknown
164,3,male,17.0,8.6625,S,1,True,Mr,Unknown,Unknown
165,3,male,1.0,39.6875,S,6,False,Master,Unknown,Unknown
166,3,male,9.0,20.525,S,3,False,Master,Unknown,Unknown
167,1,female,35.0,55.0,S,2,False,Mrs,Unknown,E
168,3,female,45.0,27.9,S,6,False,Mrs,Unknown,Unknown
169,1,male,40.0,25.925,S,1,True,Mr,PC,Unknown
170,3,male,28.0,56.4958,S,1,True,Mr,Unknown,Unknown
171,1,male,61.0,33.5,S,1,True,Mr,Unknown,B
172,3,male,4.0,29.125,Q,6,False,Master,Unknown,Unknown
173,3,female,1.0,11.1333,S,3,False,Miss,Unknown,Unknown
174,3,male,21.0,7.925,S,1,True,Mr,STON/O,Unknown
175,1,male,56.0,30.6958,C,1,True,Mr,Unknown,A
176,3,male,18.0,7.8542,S,3,False,Mr,Unknown,Unknown
177,3,male,25.0,25.4667,S,5,False,Master,Unknown,Unknown
178,1,female,50.0,28.7125,C,1,True,Miss,PC,C
179,2,male,30.0,13.0,S,1,True,Mr,Unknown,Unknown
180,3,male,36.0,0.0,S,1,True,Mr,LINE,Unknown
181,3,female,21.5,69.55,S,11,False,Miss,CA.,Unknown
182,2,male,30.0,15.05,C,1,True,Mr,SC/PARIS,Unknown
183,3,male,9.0,31.3875,S,7,False,Master,Unknown,Unknown
184,2,male,1.0,39.0,S,4,False,Master,Unknown,F
185,3,female,4.0,22.025,S,3,False,Miss,Unknown,Unknown
186,1,male,40.0,50.0,S,1,True,Mr,Unknown,A
187,3,female,21.5,15.5,Q,2,False,Mrs,Unknown,Unknown
188,1,male,45.0,26.55,S,1,True,Mr,Unknown,Unknown
189,3,male,40.0,15.5,Q,3,False,Mr,Unknown,Unknown
190,3,male,36.0,7.8958,S,1,True,Mr,Unknown,Unknown
191,2,female,32.0,13.0,S,1,True,Mrs,Unknown,Unknown
192,2,male,19.0,13.0,S,1,True,Mr,Unknown,Unknown
193,3,female,19.0,7.8542,S,2,False,Miss,Unknown,Unknown
194,2,male,3.0,26.0,S,3,False,Master,Unknown,F
195,1,female,44.0,27.7208,C,1,True,Mrs,PC,B
196,1,female,58.0,146.5208,C,1,True,Miss,PC,B
197,3,male,25.0,7.75,Q,1,True,Mr,Unknown,Unknown
198,3,male,42.0,8.4042,S,2,False,Mr,Unknown,Unknown
199,3,female,21.5,7.75,Q,1,True,Miss,Unknown,Unknown
200,2,female,24.0,13.0,S,1,True,Miss,Unknown,Unknown
201,3,male,28.0,9.5,S,1,True,Mr,Unknown,Unknown
202,3,male,25.0,69.55,S,11,False,Mr,CA.,Unknown
203,3,male,34.0,6.4958,S,1,True,Mr,Unknown,Unknown
204,3,male,45.5,7.225,C,1,True,Mr,Unknown,Unknown
205,3,male,18.0,8.05,S,1,True,Mr,A/,Unknown
206,3,female,2.0,10.4625,S,2,False,Miss,Unknown,G
207,3,male,32.0,15.85,S,2,False,Mr,Unknown,Unknown
208,3,male,26.0,18.7875,C,1,True,Mr,Unknown,Unknown
209,3,female,16.0,7.75,Q,1,True,Miss,Unknown,Unknown
210,1,male,40.0,31.0,C,1,True,Mr,Unknown,A
211,3,male,24.0,7.05,S,1,True,Mr,SOTON/O.Q.,Unknown
212,2,female,35.0,21.0,S,1,True,Miss,F.C.C.,Unknown
213,3,male,22.0,7.25,S,1,True,Mr,A/,Unknown
214,2,male,30.0,13.0,S,1,True,Mr,Unknown,Unknown
215,3,male,25.0,7.75,Q,2,False,Mr,Unknown,Unknown
216,1,female,31.0,113.275,C,2,False,Miss,Unknown,D
217,3,female,27.0,7.925,S,1,True,Miss,STON/O,Unknown
218,2,male,42.0,27.0,S,2,False,Mr,Unknown,Unknown
219,1,female,32.0,76.2917,C,1,True,Miss,Unknown,D
220,2,male,30.0,10.5,S,1,True,Mr,W/C,Unknown
221,3,male,16.0,8.05,S,1,True,Mr,SOTON/OQ,Unknown
222,2,male,27.0,13.0,S,1,True,Mr,Unknown,Unknown
223,3,male,51.0,8.05,S,1,True,Mr,Unknown,Unknown
224,3,male,25.0,7.8958,S,1,True,Mr,Unknown,Unknown
225,1,male,38.0,90.0,S,2,False,Mr,Unknown,C
226,3,male,22.0,9.35,S,1,True,Mr,PP,Unknown
227,2,male,19.0,10.5,S,1,True,Mr,SW/PP,Unknown
228,3,male,20.5,7.25,S,1,True,Mr,A/,Unknown
229,2,male,18.0,13.0,S,1,True,Mr,Unknown,Unknown
230,3,female,21.5,25.4667,S,5,False,Miss,Unknown,Unknown
231,1,female,35.0,83.475,S,2,False,Mrs,Unknown,C
232,3,male,29.0,7.775,S,1,True,Mr,Unknown,Unknown
233,2,male,59.0,13.5,S,1,True,Mr,Unknown,Unknown
234,3,female,5.0,31.3875,S,7,False,Miss,Unknown,Unknown
235,2,male,24.0,10.5,S,1,True,Mr,C.A.,Unknown
236,3,female,21.5,7.55,S,1,True,Miss,W./C.,Unknown
237,2,male,44.0,26.0,S,2,False,Mr,Unknown,Unknown
238,2,female,8.0,26.25,S,3,False,Miss,C.A.,Unknown
239,2,male,19.0,10.5,S,1,True,Mr,Unknown,Unknown
240,2,male,33.0,12.275,S,1,True,Mr,SCO/W,Unknown
241,3,female,21.5,14.4542,C,2,False,Miss,Unknown,Unknown
242,3,female,21.5,15.5,Q,2,False,Miss,Unknown,Unknown
243,2,male,29.0,10.5,S,1,True,Mr,W./C.,Unknown
244,3,male,22.0,7.125,S,1,True,Mr,STON/O,Unknown
245,3,male,30.0,7.225,C,1,True,Mr,Unknown,Unknown
246,1,male,44.0,90.0,Q,3,False,Dr,Unknown,C
247,3,female,25.0,7.775,S,1,True,Miss,Unknown,Unknown
248,2,female,24.0,14.5,S,3,False,Mrs,Unknown,Unknown
249,1,male,37.0,52.5542,S,3,False,Mr,Unknown,D
250,2,male,54.0,26.0,S,2,False,Rev,Unknown,Unknown
251,3,male,25.0,7.25,S,1,True,Mr,Unknown,Unknown
252,3,female,29.0,10.4625,S,3,False,Mrs,Unknown,G
253,1,male,62.0,26.55,S,1,True,Mr,Unknown,C
254,3,male,30.0,16.1,S,2,False,Mr,A/,Unknown
255,3,female,41.0,20.2125,S,3,False,Mrs,Unknown,Unknown
256,3,female,29.0,15.2458,C,3,False,Mrs,Unknown,Unknown
257,1,female,35.0,79.2,C,1,True,Mrs,PC,Unknown
258,1,female,30.0,86.5,S,1,True,Miss,Unknown,B
259,1,female,35.0,512.3292,C,1,True,Miss,PC,Unknown
260,2,female,50.0,26.0,S,2,False,Mrs,Unknown,Unknown
261,3,male,25.0,7.75,Q,1,True,Mr,Unknown,Unknown
262,3,male,3.0,31.3875,S,7,False,Master,Unknown,Unknown
263,1,male,52.0,79.65,S,3,False,Mr,Unknown,E
264,1,male,40.0,0.0,S,1,True,Mr,Unknown,B
265,3,female,21.5,7.75,Q,1,True,Miss,Unknown,Unknown
266,2,male,36.0,10.5,S,1,True,Mr,C.A.,Unknown
267,3,male,16.0,39.6875,S,6,False,Mr,Unknown,Unknown
268,3,male,25.0,7.775,S,2,False,Mr,Unknown,Unknown
269,1,female,58.0,153.4625,S,2,False,Mrs,PC,C
270,1,female,35.0,135.6333,S,1,True,Miss,PC,C
271,1,male,40.0,31.0,S,1,True,Mr,Unknown,Unknown
272,3,male,25.0,0.0,S,1,True,Mr,LINE,Unknown
273,2,female,41.0,19.5,S,2,False,Mrs,Unknown,Unknown
274,1,male,37.0,29.7,C,2,False,Mr,PC,C
275,3,female,21.5,7.75,Q,1,True,Miss,Unknown,Unknown
276,1,female,63.0,77.9583,S,2,False,Miss,Unknown,D
277,3,female,45.0,7.75,S,1,True,Miss,Unknown,Unknown
278,2,male,30.0,0.0,S,1,True,Mr,Unknown,Unknown
279,3,male,7.0,29.125,Q,6,False,Master,Unknown,Unknown
280,3,female,35.0,20.25,S,3,False,Mrs,C.A.,Unknown
281,3,male,65.0,7.75,Q,1,True,Mr,Unknown,Unknown
282,3,male,28.0,7.8542,S,1,True,Mr,Unknown,Unknown
283,3,male,16.0,9.5,S,1,True,Mr,Unknown,Unknown
284,3,male,19.0,8.05,S,1,True,Mr,A/,Unknown
285,1,male,40.0,26.0,S,1,True,Mr,Unknown,A
286,3,male,33.0,8.6625,C,1,True,Mr,Unknown,Unknown
287,3,male,30.0,9.5,S,1,True,Mr,Unknown,Unknown
288,3,male,22.0,7.8958,S,1,True,Mr,Unknown,Unknown
289,2,male,42.0,13.0,S,1,True,Mr,Unknown,Unknown
290,3,female,22.0,7.75,Q,1,True,Miss,Unknown,Unknown
291,1,female,26.0,78.85,S,1,True,Miss,Unknown,Unknown
292,1,female,19.0,91.0792,C,2,False,Mrs,Unknown,B
293,2,male,36.0,12.875,C,1,True,Mr,SC/Paris,D
294,3,female,24.0,8.85,S,1,True,Miss,Unknown,Unknown
295,3,male,24.0,7.8958,S,1,True,Mr,Unknown,Unknown
296,1,male,40.0,27.7208,C,1,True,Mr,PC,Unknown
297,3,male,23.5,7.2292,C,1,True,Mr,Unknown,Unknown
298,1,female,2.0,151.55,S,4,False,Miss,Unknown,C
299,1,male,40.0,30.5,S,1,True,Mr,Unknown,C
300,1,female,50.0,247.5208,C,2,False,Mrs,PC,B
301,3,female,21.5,7.75,Q,1,True,Miss,Unknown,Unknown
302,3,male,25.0,23.25,Q,3,False,Mr,Unknown,Unknown
303,3,male,19.0,0.0,S,1,True,Mr,LINE,Unknown
304,2,female,28.0,12.35,Q,1,True,Miss,Unknown,E
305,3,male,25.0,8.05,S,1,True,Mr,A/,Unknown
306,1,male,0.92,151.55,S,4,False,Master,Unknown,C
307,1,female,35.0,110.8833,C,1,True,Miss,Unknown,Unknown
308,1,female,17.0,108.9,C,2,False,Mrs,PC,C
309,2,male,30.0,24.0,C,2,False,Mr,P/PP,Unknown
310,1,female,30.0,56.9292,C,1,True,Miss,PC,E
311,1,female,24.0,83.1583,C,1,True,Miss,Unknown,C
312,1,female,18.0,262.375,C,5,False,Miss,PC,B
313,2,female,26.0,26.0,S,3,False,Mrs,Unknown,Unknown
314,3,male,28.0,7.8958,S,1,True,Mr,Unknown,Unknown
315,2,male,43.0,26.25,S,3,False,Mr,F.C.C.,Unknown
316,3,female,26.0,7.8542,S,1,True,Miss,Unknown,Unknown
317,2,female,24.0,26.0,S,2,False,Mrs,Unknown,Unknown
318,2,male,54.0,14.0,S,1,True,Dr,Unknown,Unknown
319,1,female,31.0,164.8667,S,3,False,Miss,Unknown,C
320,1,female,40.0,134.5,C,3,False,Mrs,Unknown,E
321,3,male,22.0,7.25,S,1,True,Mr,A/,Unknown
322,3,male,27.0,7.8958,S,1,True,Mr,Unknown,Unknown
323,2,female,30.0,12.35,Q,1,True,Miss,Unknown,Unknown
324,2,female,22.0,29.0,S,3,False,Mrs,Unknown,Unknown
325,3,male,25.0,69.55,S,11,False,Mr,CA.,Unknown
326,1,female,36.0,135.6333,C,1,True,Miss,PC,C
327,3,male,61.0,6.2375,S,1,True,Mr,Unknown,Unknown
328,2,female,36.0,13.0,S,1,True,Mrs,Unknown,D
329,3,female,31.0,20.525,S,3,False,Mrs,Unknown,Unknown
330,1,female,16.0,57.9792,C,2,False,Miss,Unknown,B
331,3,female,21.5,23.25,Q,3,False,Miss,Unknown,Unknown
332,1,male,45.5,28.5,S,1,True,Mr,Unknown,C
333,1,male,38.0,153.4625,S,2,False,Mr,PC,C
334,3,male,16.0,18.0,S,3,False,Mr,Unknown,Unknown
335,1,female,35.0,133.65,S,2,False,Mrs,PC,Unknown
336,3,male,25.0,7.8958,S,1,True,Mr,Unknown,Unknown
337,1,male,29.0,66.6,S,2,False,Mr,Unknown,C
338,1,female,41.0,134.5,C,1,True,Miss,Unknown,E
339,3,male,45.0,8.05,S,1,True,Mr,Unknown,Unknown
340,1,male,45.0,35.5,S,1,True,Mr,Unknown,T
341,2,male,2.0,26.0,S,3,False,Master,Unknown,F
342,1,female,24.0,263.0,S,6,False,Miss,Unknown,C
343,2,male,28.0,13.0,S,1,True,Mr,Unknown,Unknown
344,2,male,25.0,13.0,S,1,True,Mr,Unknown,Unknown
345,2,male,36.0,13.0,S,1,True,Mr,Unknown,Unknown
346,2,female,24.0,13.0,S,1,True,Miss,Unknown,F
347,2,female,40.0,13.0,S,1,True,Miss,Unknown,Unknown
348,3,female,21.5,16.1,S,2,False,Mrs,Unknown,Unknown
349,3,male,3.0,15.9,S,3,False,Master,C.A.,Unknown
350,3,male,42.0,8.6625,S,1,True,Mr,Unknown,Unknown
351,3,male,23.0,9.225,S,1,True,Mr,Unknown,Unknown
352,1,male,40.0,35.0,S,1,True,Mr,Unknown,C
353,3,male,15.0,7.2292,C,3,False,Mr,Unknown,Unknown
354,3,male,25.0,17.8,S,2,False,Mr,Unknown,Unknown
355,3,male,25.0,7.225,C,1,True,Mr,Unknown,Unknown
356,3,male,28.0,9.5,S,1,True,Mr,Unknown,Unknown
357,1,female,22.0,55.0,S,2,False,Miss,Unknown,E
358,2,female,38.0,13.0,S,1,True,Miss,Unknown,Unknown
359,3,female,21.5,7.8792,Q,1,True,Miss,Unknown,Unknown
360,3,female,21.5,7.8792,Q,1,True,Miss,Unknown,Unknown
361,3,male,40.0,27.9,S,6,False,Mr,Unknown,Unknown
362,2,male,29.0,27.7208,C,2,False,Mr,SC/PARIS,Unknown
363,3,female,45.0,14.4542,C,2,False,Mrs,Unknown,Unknown
364,3,male,35.0,7.05,S,1,True,Mr,SOTON/O.Q.,Unknown
365,3,male,25.0,15.5,Q,2,False,Mr,Unknown,Unknown
366,3,male,30.0,7.25,S,1,True,Mr,C,Unknown
367,1,female,60.0,75.25,C,2,False,Mrs,Unknown,D
368,3,female,21.5,7.2292,C,1,True,Mrs,Unknown,Unknown
369,3,female,21.5,7.75,Q,1,True,Miss,Unknown,Unknown
370,1,female,24.0,69.3,C,1,True,Mrs,PC,B
371,1,male,25.0,55.4417,C,2,False,Mr,Unknown,E
372,3,male,18.0,6.4958,S,2,False,Mr,Unknown,Unknown
373,3,male,19.0,8.05,S,1,True,Mr,Unknown,Unknown
374,1,male,22.0,135.6333,C,1,True,Mr,PC,Unknown
375,3,female,3.0,21.075,S,5,False,Miss,Unknown,Unknown
376,1,female,35.0,82.1708,C,2,False,Mrs,PC,Unknown
377,3,female,22.0,7.25,S,1,True,Miss,C,Unknown
378,1,male,27.0,211.5,C,3,False,Mr,Unknown,C
379,3,male,20.0,4.0125,C,1,True,Mr,Unknown,Unknown
380,3,male,19.0,7.775,S,1,True,Mr,Unknown,Unknown
381,1,female,42.0,227.525,C,1,True,Miss,PC,Unknown
382,3,female,1.0,15.7417,C,3,False,Miss,Unknown,Unknown
383,3,male,32.0,7.925,S,1,True,Mr,STON/O,Unknown
384,1,female,35.0,52.0,S,2,False,Mrs,Unknown,Unknown
385,3,male,25.0,7.8958,S,1,True,Mr,Unknown,Unknown
386,2,male,18.0,73.5,S,1,True,Mr,S.O.C.,Unknown
387,3,male,1.0,46.9,S,8,False,Master,CA,Unknown
388,2,female,36.0,13.0,S,1,True,Miss,Unknown,Unknown
389,3,male,25.0,7.7292,Q,1,True,Mr,Unknown,Unknown
390,2,female,17.0,12.0,C,1,True,Miss,SC,Unknown
391,1,male,36.0,120.0,S,4,False,Mr,Unknown,B
392,3,male,21.0,7.7958,S,1,True,Mr,Unknown,Unknown
393,3,male,28.0,7.925,S,3,False,Mr,Unknown,Unknown
394,1,female,23.0,113.275,C,2,False,Miss,Unknown,D
395,3,female,24.0,16.7,S,3,False,Mrs,PP,G
396,3,male,22.0,7.7958,S,1,True,Mr,Unknown,Unknown
397,3,female,31.0,7.8542,S,1,True,Miss,Unknown,Unknown
398,2,male,46.0,26.0,S,1,True,Mr,Unknown,Unknown
399,2,male,23.0,10.5,S,1,True,Dr,Unknown,Unknown
400,2,female,28.0,12.65,S,1,True,Mrs,Unknown,Unknown
401,3,male,39.0,7.925,S,1,True,Mr,STON/O,Unknown
402,3,male,26.0,8.05,S,1,True,Mr,Unknown,Unknown
403,3,female,21.0,9.825,S,2,False,Miss,Unknown,Unknown
404,3,male,28.0,15.85,S,2,False,Mr,STON/O,Unknown
405,3,female,20.0,8.6625,S,1,True,Miss,Unknown,Unknown
406,2,male,34.0,21.0,S,2,False,Mr,Unknown,Unknown
407,3,male,51.0,7.75,S,1,True,Mr,Unknown,Unknown
408,2,male,3.0,18.75,S,3,False,Master,Unknown,Unknown
409,3,male,21.0,7.775,S,1,True,Mr,Unknown,Unknown
410,3,female,21.5,25.4667,S,5,False,Miss,Unknown,Unknown
411,3,male,25.0,7.8958,S,1,True,Mr,Unknown,Unknown
412,3,male,25.0,6.8583,Q,1,True,Mr,Unknown,Unknown
413,1,female,33.0,90.0,Q,2,False,Miss,Unknown,C
414,2,male,30.0,0.0,S,1,True,Mr,Unknown,Unknown
415,3,male,44.0,7.925,S,1,True,Mr,STON/O,Unknown
416,3,female,21.5,8.05,S,1,True,Mrs,Unknown,Unknown
417,2,female,34.0,32.5,S,3,False,Mrs,Unknown,Unknown
418,2,female,18.0,13.0,S,3,False,Miss,Unknown,Unknown
419,2,male,30.0,13.0,S,1,True,Mr,Unknown,Unknown
420,3,female,10.0,24.15,S,3,False,Miss,Unknown,Unknown
421,3,male,25.0,7.8958,C,1,True,Mr,Unknown,Unknown
422,3,male,21.0,7.7333,Q,1,True,Mr,A/,Unknown
423,3,male,29.0,7.875,S,1,True,Mr,Unknown,Unknown
424,3,female,28.0,14.4,S,3,False,Mrs,Unknown,Unknown
425,3,male,18.0,20.2125,S,3,False,Mr,Unknown,Unknown
426,3,male,25.0,7.25,S,1,True,Mr,A/,Unknown
427,2,female,28.0,26.0,S,2,False,Mrs,Unknown,Unknown
428,2,female,19.0,26.0,S,1,True,Miss,Unknown,Unknown
429,3,male,25.0,7.75,Q,1,True,Mr,Unknown,Unknown
430,3,male,32.0,8.05,S,1,True,Mr,SOTON/O.Q.,E
431,1,male,28.0,26.55,S,1,True,Mr,Unknown,C
432,3,female,21.5,16.1,S,2,False,Mrs,Unknown,Unknown
433,2,female,42.0,26.0,S,2,False,Mrs,SC/AH,Unknown
434,3,male,17.0,7.125,S,1,True,Mr,STON/O,Unknown
435,1,male,50.0,55.9,S,2,False,Mr,Unknown,E
436,1,female,14.0,120.0,S,4,False,Miss,Unknown,B
437,3,female,21.0,34.375,S,5,False,Miss,W./C.,Unknown
438,2,female,24.0,18.75,S,6,False,Mrs,Unknown,Unknown
439,1,male,64.0,263.0,S,6,False,Mr,Unknown,C
440,2,male,31.0,10.5,S,1,True,Mr,C.A.,Unknown
441,2,female,45.0,26.25,S,3,False,Mrs,F.C.C.,Unknown
442,3,male,20.0,9.5,S,1,True,Mr,Unknown,Unknown
443,3,male,25.0,7.775,S,2,False,Mr,Unknown,Unknown
444,2,female,28.0,13.0,S,1,True,Miss,Unknown,Unknown
445,3,male,25.0,8.1125,S,1,True,Mr,Unknown,Unknown
446,1,male,4.0,81.8583,S,3,False,Master,Unknown,A
447,2,female,13.0,19.5,S,2,False,Miss,Unknown,Unknown
448,1,male,34.0,26.55,S,1,True,Mr,Unknown,Unknown
449,3,female,5.0,19.2583,C,4,False,Miss,Unknown,Unknown
450,1,male,52.0,30.5,S,1,True,Major,Unknown,C
451,2,male,36.0,27.75,S,4,False,Mr,C.A.,Unknown
452,3,male,25.0,19.9667,S,2,False,Mr,Unknown,Unknown
453,1,male,30.0,27.75,C,1,True,Mr,Unknown,C
454,1,male,49.0,89.1042,C,2,False,Mr,Unknown,C
455,3,male,25.0,8.05,S,1,True,Mr,A/,Unknown
456,3,male,29.0,7.8958,C,1,True,Mr,Unknown,Unknown
457,1,male,65.0,26.55,S,1,True,Mr,Unknown,E
458,1,female,35.0,51.8625,S,2,False,Mrs,Unknown,D
459,2,female,50.0,10.5,S,1,True,Miss,F.C.C.,Unknown
460,3,male,25.0,7.75,Q,1,True,Mr,Unknown,Unknown
461,1,male,48.0,26.55,S,1,True,Mr,Unknown,E
462,3,male,34.0,8.05,S,1,True,Mr,Unknown,Unknown
463,1,male,47.0,38.5,S,1,True,Mr,Unknown,E
464,2,male,48.0,13.0,S,1,True,Mr,Unknown,Unknown
465,3,male,25.0,8.05,S,1,True,Mr,A/S,Unknown
466,3,male,38.0,7.05,S,1,True,Mr,SOTON/O.Q.,Unknown
467,2,male,30.0,0.0,S,1,True,Mr,Unknown,Unknown
468,1,male,56.0,26.55,S,1,True,Mr,Unknown,Unknown
469,3,male,25.0,7.725,Q,1,True,Mr,Unknown,Unknown
470,3,female,0.75,19.2583,C,4,False,Miss,Unknown,Unknown
471,3,male,25.0,7.25,S,1,True,Mr,Unknown,Unknown
472,3,male,38.0,8.6625,S,1,True,Mr,Unknown,Unknown
473,2,female,33.0,27.75,S,4,False,Mrs,C.A.,Unknown
474,2,female,23.0,13.7917,C,1,True,Mrs,SC/AH,D
475,3,female,22.0,9.8375,S,1,True,Miss,Unknown,Unknown
476,1,male,40.0,52.0,S,1,True,Mr,Unknown,A
477,2,male,34.0,21.0,S,2,False,Mr,Unknown,Unknown
478,3,male,29.0,7.0458,S,2,False,Mr,Unknown,Unknown
479,3,male,22.0,7.5208,S,1,True,Mr,Unknown,Unknown
480,3,female,2.0,12.2875,S,2,False,Miss,Unknown,Unknown
481,3,male,9.0,46.9,S,8,False,Master,CA,Unknown
482,2,male,30.0,0.0,S,1,True,Mr,Unknown,Unknown
483,3,male,50.0,8.05,S,1,True,Mr,A/,Unknown
484,3,female,63.0,9.5875,S,1,True,Mrs,Unknown,Unknown
485,1,male,25.0,91.0792,C,2,False,Mr,Unknown,B
486,3,female,21.5,25.4667,S,5,False,Miss,Unknown,Unknown
487,1,female,35.0,90.0,S,2,False,Mrs,Unknown,C
488,1,male,58.0,29.7,C,1,True,Mr,Unknown,B
489,3,male,30.0,8.05,S,1,True,Mr,A.,Unknown
490,3,male,9.0,15.9,S,3,False,Master,C.A.,Unknown
491,3,male,25.0,19.9667,S,2,False,Mr,Unknown,Unknown
492,3,male,21.0,7.25,S,1,True,Mr,SOTON/OQ,Unknown
493,1,male,55.0,30.5,S,1,True,Mr,Unknown,C
494,1,male,71.0,49.5042,C,1,True,Mr,PC,Unknown
495,3,male,21.0,8.05,S,1,True,Mr,A/,Unknown
496,3,male,25.0,14.4583,C,1,True,Mr,Unknown,Unknown
497,1,female,54.0,78.2667,C,2,False,Miss,Unknown,D
498,3,male,25.0,15.1,S,1,True,Mr,C.A.,Unknown
499,1,female,25.0,151.55,S,4,False,Mrs,Unknown,C
500,3,male,24.0,7.7958,S,1,True,Mr,Unknown,Unknown
501,3,male,17.0,8.6625,S,1,True,Mr,Unknown,Unknown
502,3,female,21.0,7.75,Q,1,True,Miss,Unknown,Unknown
503,3,female,21.5,7.6292,Q,1,True,Miss,Unknown,Unknown
504,3,female,37.0,9.5875,S,1,True,Miss,Unknown,Unknown
505,1,female,16.0,86.5,S,1,True,Miss,Unknown,B
506,1,male,18.0,108.9,C,2,False,Mr,PC,C
507,2,female,33.0,26.0,S,3,False,Mrs,Unknown,Unknown
508,1,male,40.0,26.55,S,1,True,Mr,Unknown,Unknown
509,3,male,28.0,22.525,S,1,True,Mr,C,Unknown
510,3,male,26.0,56.4958,S,1,True,Mr,Unknown,Unknown
511,3,male,29.0,7.75,Q,1,True,Mr,Unknown,Unknown
512,3,male,25.0,8.05,S,1,True,Mr,SOTON/OQ,Unknown
513,1,male,36.0,26.2875,S,1,True,Mr,PC,E
514,1,female,54.0,59.4,C,2,False,Mrs,PC,Unknown
515,3,male,24.0,7.4958,S,1,True,Mr,Unknown,Unknown
516,1,male,47.0,34.0208,S,1,True,Mr,Unknown,D
517,2,female,34.0,10.5,S,1,True,Mrs,C.A.,F
518,3,male,25.0,24.15,Q,1,True,Mr,Unknown,Unknown
519,2,female,36.0,26.0,S,2,False,Mrs,Unknown,Unknown
520,3,male,32.0,7.8958,S,1,True,Mr,Unknown,Unknown
521,1,female,30.0,93.5,S,1,True,Miss,Unknown,B
522,3,male,22.0,7.8958,S,1,True,Mr,Unknown,Unknown
523,3,male,25.0,7.225,C,1,True,Mr,Unknown,Unknown
524,1,female,44.0,57.9792,C,2,False,Mrs,Unknown,B
525,3,male,25.0,7.2292,C,1,True,Mr,Unknown,Unknown
526,3,male,40.5,7.75,Q,1,True,Mr,Unknown,Unknown
527,2,female,50.0,10.5,S,1,True,Miss,W./C.,Unknown
528,1,male,40.0,221.7792,S,1,True,Mr,PC,C
529,3,male,39.0,7.925,S,1,True,Mr,Unknown,Unknown
530,2,male,23.0,11.5,S,4,False,Mr,Unknown,Unknown
531,2,female,2.0,26.0,S,3,False,Miss,Unknown,Unknown
532,3,male,25.0,7.2292,C,1,True,Mr,Unknown,Unknown
533,3,male,17.0,7.2292,C,3,False,Mr,Unknown,Unknown
534,3,female,21.5,22.3583,C,3,False,Mrs,Unknown,Unknown
535,3,female,30.0,8.6625,S,1,True,Miss,Unknown,Unknown
536,2,female,7.0,26.25,S,3,False,Miss,F.C.C.,Unknown
537,1,male,45.0,26.55,S,1,True,Major,Unknown,B
538,1,female,30.0,106.425,C,1,True,Miss,PC,Unknown
539,3,male,25.0,14.5,S,1,True,Mr,Unknown,Unknown
540,1,female,22.0,49.5,C,3,False,Miss,Unknown,B
541,1,female,36.0,71.0,S,3,False,Miss,WE/P,B
542,3,female,9.0,31.275,S,7,False,Miss,Unknown,Unknown
543,3,female,11.0,31.275,S,7,False,Miss,Unknown,Unknown
544,2,male,32.0,26.0,S,2,False,Mr,Unknown,Unknown
545,1,male,50.0,106.425,C,2,False,Mr,PC,C
546,1,male,64.0,26.0,S,1,True,Mr,Unknown,Unknown
547,2,female,19.0,26.0,S,2,False,Mrs,Unknown,Unknown
548,2,male,30.0,13.8625,C,1,True,Mr,SC/PARIS,Unknown
549,3,male,33.0,20.525,S,3,False,Mr,Unknown,Unknown
550,2,male,8.0,36.75,S,3,False,Master,C.A.,Unknown
551,1,male,17.0,110.8833,C,3,False,Mr,Unknown,C
552,2,male,27.0,26.0,S,1,True,Mr,Unknown,Unknown
553,3,male,25.0,7.8292,Q,1,True,Mr,Unknown,Unknown
554,3,male,22.0,7.225,C,1,True,Mr,Unknown,Unknown
555,3,female,22.0,7.775,S,1,True,Miss,Unknown,Unknown
556,1,male,62.0,26.55,S,1,True,Mr,Unknown,Unknown
557,1,female,48.0,39.6,C,2,False,Lady,Unknown,A
558,1,male,40.0,227.525,C,1,True,Mr,PC,Unknown
559,1,female,39.0,79.65,S,3,False,Mrs,Unknown,E
560,3,female,36.0,17.4,S,2,False,Mrs,Unknown,Unknown
561,3,male,25.0,7.75,Q,1,True,Mr,Unknown,Unknown
562,3,male,40.0,7.8958,S,1,True,Mr,Unknown,Unknown
563,2,male,28.0,13.5,S,1,True,Mr,Unknown,Unknown
564,3,male,25.0,8.05,S,1,True,Mr,SOTON/OQ,Unknown
565,3,female,21.5,8.05,S,1,True,Miss,SOTON/O.Q.,Unknown
566,3,male,24.0,24.15,S,3,False,Mr,A/,Unknown
567,3,male,19.0,7.8958,S,1,True,Mr,Unknown,Unknown
568,3,female,29.0,21.075,S,5,False,Mrs,Unknown,Unknown
569,3,male,25.0,7.2292,C,1,True,Mr,Unknown,Unknown
570,3,male,32.0,7.8542,S,1,True,Mr,Unknown,Unknown
571,2,male,62.0,10.5,S,1,True,Mr,S.W./PP,Unknown
572,1,female,53.0,51.4792,S,3,False,Mrs,Unknown,C
573,1,male,36.0,26.3875,S,1,True,Mr,PC,E
574,3,female,21.5,7.75,Q,1,True,Miss,Unknown,Unknown
575,3,male,16.0,8.05,S,1,True,Mr,A/,Unknown
576,3,male,19.0,14.5,S,1,True,Mr,Unknown,Unknown
577,2,female,34.0,13.0,S,1,True,Miss,Unknown,Unknown
578,1,female,39.0,55.9,S,2,False,Mrs,Unknown,E
579,3,female,21.5,14.4583,C,2,False,Mrs,Unknown,Unknown
580,3,male,32.0,7.925,S,1,True,Mr,STON/O,Unknown
581,2,female,25.0,30.0,S,3,False,Miss,Unknown,Unknown
582,1,female,39.0,110.8833,C,3,False,Mrs,Unknown,C
583,2,male,54.0,26.0,S,1,True,Mr,Unknown,Unknown
584,1,male,36.0,40.125,C,1,True,Mr,Unknown,A
585,3,male,25.0,8.7125,C,1,True,Mr,Unknown,Unknown
586,1,female,18.0,79.65,S,3,False,Miss,Unknown,E
587,2,male,47.0,15.0,S,1,True,Mr,Unknown,Unknown
588,1,male,60.0,79.2,C,3,False,Mr,Unknown,B
589,3,male,22.0,8.05,S,1,True,Mr,Unknown,Unknown
590,3,male,25.0,8.05,S,1,True,Mr,A./,Unknown
591,3,male,35.0,7.125,S,1,True,Mr,STON/O,Unknown
592,1,female,52.0,78.2667,C,2,False,Mrs,Unknown,D
593,3,male,47.0,7.25,S,1,True,Mr,A/,Unknown
594,3,female,21.5,7.75,Q,3,False,Miss,Unknown,Unknown
595,2,male,37.0,26.0,S,2,False,Mr,SC/AH,Unknown
596,3,male,36.0,24.15,S,3,False,Mr,Unknown,Unknown
597,2,female,28.0,33.0,S,1,True,Miss,Unknown,Unknown
598,3,male,49.0,0.0,S,1,True,Mr,LINE,Unknown
599,3,male,25.0,7.225,C,1,True,Mr,Unknown,Unknown
600,1,male,49.0,56.9292,C,2,False,Sir,PC,A
601,2,female,24.0,27.0,S,4,False,Mrs,Unknown,Unknown
602,3,male,25.0,7.8958,S,1,True,Mr,Unknown,Unknown
603,1,male,40.0,42.4,S,1,True,Mr,Unknown,Unknown
604,3,male,44.0,8.05,S,1,True,Mr,Unknown,Unknown
605,1,male,35.0,26.55,C,1,True,Mr,Unknown,Unknown
606,3,male,36.0,15.55,S,2,False,Mr,Unknown,Unknown
607,3,male,30.0,7.8958,S,1,True,Mr,Unknown,Unknown
608,1,male,27.0,30.5,S,1,True,Mr,Unknown,Unknown
609,2,female,22.0,41.5792,C,4,False,Mrs,SC/Paris,Unknown
610,1,female,40.0,153.4625,S,1,True,Miss,PC,C
611,3,female,39.0,31.275,S,7,False,Mrs,Unknown,Unknown
612,3,male,25.0,7.05,S,1,True,Mr,SOTON/O.Q.,Unknown
613,3,female,21.5,15.5,Q,2,False,Miss,Unknown,Unknown
614,3,male,25.0,7.75,Q,1,True,Mr,Unknown,Unknown
615,3,male,35.0,8.05,S,1,True,Mr,Unknown,Unknown
616,2,female,24.0,65.0,S,4,False,Miss,Unknown,Unknown
617,3,male,34.0,14.4,S,3,False,Mr,Unknown,Unknown
618,3,female,26.0,16.1,S,2,False,Mrs,A/,Unknown
619,2,female,4.0,39.0,S,4,False,Miss,Unknown,F
620,2,male,26.0,10.5,S,1,True,Mr,Unknown,Unknown
621,3,male,27.0,14.4542,C,2,False,Mr,Unknown,Unknown
622,1,male,42.0,52.5542,S,2,False,Mr,Unknown,D
623,3,male,20.0,15.7417,C,3,False,Mr,Unknown,Unknown
624,3,male,21.0,7.8542,S,1,True,Mr,Unknown,Unknown
625,3,male,21.0,16.1,S,1,True,Mr,Unknown,Unknown
626,1,male,61.0,32.3208,S,1,True,Mr,Unknown,D
627,2,male,57.0,12.35,Q,1,True,Rev,Unknown,Unknown
628,1,female,21.0,77.9583,S,1,True,Miss,Unknown,D
629,3,male,26.0,7.8958,S,1,True,Mr,Unknown,Unknown
630,3,male,25.0,7.7333,Q,1,True,Mr,Unknown,Unknown
631,1,male,80.0,30.0,S,1,True,Mr,Unknown,A
632,3,male,51.0,7.0542,S,1,True,Mr,Unknown,Unknown
633,1,male,32.0,30.5,C,1,True,Dr,Unknown,B
634,1,male,40.0,0.0,S,1,True,Mr,Unknown,Unknown
635,3,female,9.0,27.9,S,6,False,Miss,Unknown,Unknown
636,2,female,28.0,13.0,S,1,True,Miss,Unknown,Unknown
637,3,male,32.0,7.925,S,1,True,Mr,STON/O,Unknown
638,2,male,31.0,26.25,S,3,False,Mr,C.A.,Unknown
639,3,female,41.0,39.6875,S,6,False,Mrs,Unknown,Unknown
640,3,male,25.0,16.1,S,2,False,Mr,Unknown,Unknown
641,3,male,20.0,7.8542,S,1,True,Mr,Unknown,Unknown
642,1,female,24.0,69.3,C,1,True,Miss,PC,B
643,3,female,2.0,27.9,S,6,False,Miss,Unknown,Unknown
644,3,male,25.0,56.4958,S,1,True,Mr,Unknown,Unknown
645,3,female,0.75,19.2583,C,4,False,Miss,Unknown,Unknown
646,1,male,48.0,76.7292,C,2,False,Mr,PC,D
647,3,male,19.0,7.8958,S,1,True,Mr,Unknown,Unknown
648,1,male,56.0,35.5,C,1,True,Col,Unknown,A
649,3,male,25.0,7.55,S,1,True,Mr,S.O./P.P.,Unknown
650,3,female,23.0,7.55,S,1,True,Miss,CA.,Unknown
651,3,male,25.0,7.8958,S,1,True,Mr,Unknown,Unknown
652,2,female,18.0,23.0,S,2,False,Miss,Unknown,Unknown
653,3,male,21.0,8.4333,S,1,True,Mr,Unknown,Unknown
654,3,female,21.5,7.8292,Q,1,True,Miss,Unknown,Unknown
655,3,female,18.0,6.75,Q,1,True,Miss,Unknown,Unknown
656,2,male,24.0,73.5,S,3,False,Mr,S.O.C.,Unknown
657,3,male,25.0,7.8958,S,1,True,Mr,Unknown,Unknown
658,3,female,32.0,15.5,Q,3,False,Mrs,Unknown,Unknown
659,2,male,23.0,13.0,S,1,True,Mr,Unknown,Unknown
660,1,male,58.0,113.275,C,3,False,Mr,Unknown,D
661,1,male,50.0,133.65,S,3,False,Dr,PC,Unknown
662,3,male,40.0,7.225,C,1,True,Mr,Unknown,Unknown
663,1,male,47.0,25.5875,S,1,True,Mr,Unknown,E
664,3,male,36.0,7.4958,S,1,True,Mr,Unknown,Unknown
665,3,male,20.0,7.925,S,2,False,Mr,STON/O,Unknown
666,2,male,32.0,73.5,S,3,False,Mr,S.O.C.,Unknown
667,2,male,25.0,13.0,S,1,True,Mr,Unknown,Unknown
668,3,male,25.0,7.775,S,1,True,Mr,Unknown,Unknown
669,3,male,43.0,8.05,S,1,True,Mr,A/,Unknown
670,1,female,35.0,52.0,S,2,False,Mrs,Unknown,C
671,2,female,40.0,39.0,S,3,False,Mrs,Unknown,Unknown
672,1,male,31.0,52.0,S,2,False,Mr,F.C.,B
673,2,male,70.0,10.5,S,1,True,Mr,C.A.,Unknown
674,2,male,31.0,13.0,S,1,True,Mr,Unknown,Unknown
675,2,male,30.0,0.0,S,1,True,Mr,Unknown,Unknown
676,3,male,18.0,7.775,S,1,True,Mr,Unknown,Unknown
677,3,male,24.5,8.05,S,1,True,Mr,Unknown,Unknown
678,3,female,18.0,9.8417,S,1,True,Miss,Unknown,Unknown
679,3,female,43.0,46.9,S,8,False,Mrs,CA,Unknown
680,1,male,36.0,512.3292,C,2,False,Mr,PC,B
681,3,female,21.5,8.1375,Q,1,True,Miss,Unknown,Unknown
682,1,male,27.0,76.7292,C,1,True,Mr,PC,D
683,3,male,20.0,9.225,S,1,True,Mr,Unknown,Unknown
684,3,male,14.0,46.9,S,8,False,Mr,CA,Unknown
685,2,male,60.0,39.0,S,3,False,Mr,Unknown,Unknown
686,2,male,25.0,41.5792,C,4,False,Mr,SC/Paris,Unknown
687,3,male,14.0,39.6875,S,6,False,Mr,Unknown,Unknown
688,3,male,19.0,10.1708,S,1,True,Mr,Unknown,Unknown
689,3,male,18.0,7.7958,S,1,True,Mr,Unknown,Unknown
690,1,female,15.0,211.3375,S,2,False,Miss,Unknown,B
691,1,male,31.0,57.0,S,2,False,Mr,Unknown,B
692,3,female,4.0,13.4167,C,2,False,Miss,Unknown,Unknown
693,3,male,25.0,56.4958,S,1,True,Mr,Unknown,Unknown
694,3,male,25.0,7.225,C,1,True,Mr,Unknown,Unknown
695,1,male,60.0,26.55,S,1,True,Col,Unknown,Unknown
696,2,male,52.0,13.5,S,1,True,Mr,Unknown,Unknown
697,3,male,44.0,8.05,S,1,True,Mr,Unknown,Unknown
698,3,female,21.5,7.7333,Q,1,True,Miss,Unknown,Unknown
699,1,male,49.0,110.8833,C,3,False,Mr,Unknown,C
700,3,male,42.0,7.65,S,1,True,Mr,Unknown,F
701,1,female,18.0,227.525,C,2,False,Mrs,PC,C
702,1,male,35.0,26.2875,S,1,True,Mr,PC,E
703,3,female,18.0,14.4542,C,2,False,Miss,Unknown,Unknown
704,3,male,25.0,7.7417,Q,1,True,Mr,Unknown,Unknown
705,3,male,26.0,7.8542,S,2,False,Mr,Unknown,Unknown
706,2,male,39.0,26.0,S,1,True,Mr,Unknown,Unknown
707,2,female,45.0,13.5,S,1,True,Mrs,Unknown,Unknown
708,1,male,42.0,26.2875,S,1,True,Mr,PC,E
709,1,female,22.0,151.55,S,1,True,Miss,Unknown,Unknown
710,3,male,25.0,15.2458,C,3,False,Master,Unknown,Unknown
711,1,female,24.0,49.5042,C,1,True,Miss,PC,C
712,1,male,40.0,26.55,S,1,True,Mr,Unknown,C
713,1,male,48.0,52.0,S,2,False,Mr,Unknown,C
714,3,male,29.0,9.4833,S,1,True,Mr,Unknown,Unknown
715,2,male,52.0,13.0,S,1,True,Mr,Unknown,Unknown
716,3,male,19.0,7.65,S,1,True,Mr,Unknown,F
717,1,female,38.0,227.525,C,1,True,Miss,PC,C
718,2,female,27.0,10.5,S,1,True,Miss,Unknown,E
719,3,male,25.0,15.5,Q,1,True,Mr,Unknown,Unknown
720,3,male,33.0,7.775,S,1,True,Mr,Unknown,Unknown
721,2,female,6.0,33.0,S,2,False,Miss,Unknown,Unknown
722,3,male,17.0,7.0542,S,2,False,Mr,Unknown,Unknown
723,2,male,34.0,13.0,S,1,True,Mr,Unknown,Unknown
724,2,male,50.0,13.0,S,1,True,Mr,Unknown,Unknown
725,1,male,27.0,53.1,S,2,False,Mr,Unknown,E
726,3,male,20.0,8.6625,S,1,True,Mr,Unknown,Unknown
727,2,female,30.0,21.0,S,4,False,Mrs,Unknown,Unknown
728,3,female,21.5,7.7375,Q,1,True,Miss,Unknown,Unknown
729,2,male,25.0,26.0,S,2,False,Mr,Unknown,Unknown
730,3,female,25.0,7.925,S,2,False,Miss,STON/O,Unknown
731,1,female,29.0,211.3375,S,1,True,Miss,Unknown,B
732,3,male,11.0,18.7875,C,1,True,Mr,Unknown,Unknown
733,2,male,30.0,0.0,S,1,True,Mr,Unknown,Unknown
734,2,male,23.0,13.0,S,1,True,Mr,Unknown,Unknown
735,2,male,23.0,13.0,S,1,True,Mr,Unknown,Unknown
736,3,male,28.5,16.1,S,1,True,Mr,Unknown,Unknown
737,3,female,48.0,34.375,S,5,False,Mrs,W./C.,Unknown
738,1,male,35.0,512.3292,C,1,True,Mr,PC,B
739,3,male,25.0,7.8958,S,1,True,Mr,Unknown,Unknown
740,3,male,25.0,7.8958,S,1,True,Mr,Unknown,Unknown
741,1,male,40.0,30.0,S,1,True,Mr,Unknown,D
742,1,male,36.0,78.85,S,2,False,Mr,Unknown,C
743,1,female,21.0,262.375,C,5,False,Miss,PC,B
744,3,male,24.0,16.1,S,2,False,Mr,Unknown,Unknown
745,3,male,31.0,7.925,S,1,True,Mr,STON/O,Unknown
746,1,male,70.0,71.0,S,3,False,Capt,WE/P,B
747,3,male,16.0,20.25,S,3,False,Mr,C.A.,Unknown
748,2,female,30.0,13.0,S,1,True,Miss,Unknown,Unknown
749,1,male,19.0,53.1,S,2,False,Mr,Unknown,D
750,3,male,31.0,7.75,Q,1,True,Mr,Unknown,Unknown
751,2,female,4.0,23.0,S,3,False,Miss,Unknown,Unknown
752,3,male,6.0,12.475,S,2,False,Master,Unknown,E
753,3,male,33.0,9.5,S,1,True,Mr,Unknown,Unknown
754,3,male,23.0,7.8958,S,1,True,Mr,Unknown,Unknown
755,2,female,48.0,65.0,S,4,False,Mrs,Unknown,Unknown
756,2,male,0.67,14.5,S,3,False,Master,Unknown,Unknown
757,3,male,28.0,7.7958,S,1,True,Mr,Unknown,Unknown
758,2,male,18.0,11.5,S,1,True,Mr,Unknown,Unknown
759,3,male,34.0,8.05,S,1,True,Mr,Unknown,Unknown
760,1,female,33.0,86.5,S,1,True,the Countess,Unknown,B
761,3,male,25.0,14.5,S,1,True,Mr,Unknown,Unknown
762,3,male,41.0,7.125,S,1,True,Mr,SOTON/O,Unknown
763,3,male,20.0,7.2292,C,1,True,Mr,Unknown,Unknown
764,1,female,36.0,120.0,S,4,False,Mrs,Unknown,B
765,3,male,16.0,7.775,S,1,True,Mr,Unknown,Unknown
766,1,female,51.0,77.9583,S,2,False,Mrs,Unknown,D
767,1,male,40.0,39.6,C,1,True,Dr,Unknown,Unknown
768,3,female,30.5,7.75,Q,1,True,Miss,Unknown,Unknown
769,3,male,25.0,24.15,Q,2,False,Mr,Unknown,Unknown
770,3,male,32.0,8.3625,S,1,True,Mr,Unknown,Unknown
771,3,male,24.0,9.5,S,1,True,Mr,Unknown,Unknown
772,3,male,48.0,7.8542,S,1,True,Mr,Unknown,Unknown
773,2,female,57.0,10.5,S,1,True,Mrs,S.O./P.P.,E
774,3,male,25.0,7.225,C,1,True,Mr,Unknown,Unknown
775,2,female,54.0,23.0,S,5,False,Mrs,Unknown,Unknown
776,3,male,18.0,7.75,S,1,True,Mr,Unknown,Unknown
777,3,male,25.0,7.75,Q,1,True,Mr,Unknown,F
778,3,female,5.0,12.475,S,1,True,Miss,Unknown,Unknown
779,3,male,25.0,7.7375,Q,1,True,Mr,Unknown,Unknown
780,1,female,43.0,211.3375,S,2,False,Mrs,Unknown,B
781,3,female,13.0,7.2292,C,1,True,Miss,Unknown,Unknown
782,1,female,17.0,57.0,S,2,False,Mrs,Unknown,B
783,1,male,29.0,30.0,S,1,True,Mr,Unknown,D
784,3,male,25.0,23.45,S,4,False,Mr,W./C.,Unknown
785,3,male,25.0,7.05,S,1,True,Mr,SOTON/O.Q.,Unknown
786,3,male,25.0,7.25,S,1,True,Mr,Unknown,Unknown
787,3,female,18.0,7.4958,S,1,True,Miss,Unknown,Unknown
788,3,male,8.0,29.125,Q,6,False,Master,Unknown,Unknown
789,3,male,1.0,20.575,S,4,False,Master,C.A.,Unknown
790,1,male,46.0,79.2,C,1,True,Mr,PC,B
791,3,male,25.0,7.75,Q,1,True,Mr,Unknown,Unknown
792,2,male,16.0,26.0,S,1,True,Mr,Unknown,Unknown
793,3,female,21.5,69.55,S,11,False,Miss,CA.,Unknown
794,1,male,40.0,30.6958,C,1,True,Mr,PC,Unknown
795,3,male,25.0,7.8958,S,1,True,Mr,Unknown,Unknown
796,2,male,39.0,13.0,S,1,True,Mr,Unknown,Unknown
797,1,female,49.0,25.9292,S,1,True,Dr,Unknown,D
798,3,female,31.0,8.6833,S,1,True,Mrs,Unknown,Unknown
799,3,male,30.0,7.2292,C,1,True,Mr,Unknown,Unknown
800,3,female,30.0,24.15,S,3,False,Mrs,Unknown,Unknown
801,2,male,34.0,13.0,S,1,True,Mr,Unknown,Unknown
802,2,female,31.0,26.25,S,3,False,Mrs,C.A.,Unknown
803,1,male,11.0,120.0,S,4,False,Master,Unknown,B
804,3,male,0.42,8.5167,C,2,False,Master,Unknown,Unknown
805,3,male,27.0,6.975,S,1,True,Mr,Unknown,Unknown
806,3,male,31.0,7.775,S,1,True,Mr,Unknown,Unknown
807,1,male,39.0,0.0,S,1,True,Mr,Unknown,A
808,3,female,18.0,7.775,S,1,True,Miss,Unknown,Unknown
809,2,male,39.0,13.0,S,1,True,Mr,Unknown,Unknown
810,1,female,33.0,53.1,S,2,False,Mrs,Unknown,E
811,3,male,26.0,7.8875,S,1,True,Mr,Unknown,Unknown
812,3,male,39.0,24.15,S,1,True,Mr,A/,Unknown
813,2,male,35.0,10.5,S,1,True,Mr,Unknown,Unknown
814,3,female,6.0,31.275,S,7,False,Miss,Unknown,Unknown
815,3,male,30.5,8.05,S,1,True,Mr,Unknown,Unknown
816,1,male,40.0,0.0,S,1,True,Mr,Unknown,B
817,3,female,23.0,7.925,S,1,True,Miss,STON/O,Unknown
818,2,male,31.0,37.0042,C,3,False,Mr,S.C./PARIS,Unknown
819,3,male,43.0,6.45,S,1,True,Mr,C,Unknown
820,3,male,10.0,27.9,S,6,False,Master,Unknown,Unknown
821,1,female,52.0,93.5,S,3,False,Mrs,Unknown,B
822,3,male,27.0,8.6625,S,1,True,Mr,Unknown,Unknown
823,1,male,38.0,0.0,S,1,True,Jonkheer,Unknown,Unknown
824,3,female,27.0,12.475,S,2,False,Mrs,Unknown,E
825,3,male,2.0,39.6875,S,6,False,Master,Unknown,Unknown
826,3,male,25.0,6.95,Q,1,True,Mr,Unknown,Unknown
827,3,male,25.0,56.4958,S,1,True,Mr,Unknown,Unknown
828,2,male,1.0,37.0042,C,3,False,Master,S.C./PARIS,Unknown
829,3,male,25.0,7.75,Q,1,True,Mr,Unknown,Unknown
830,1,female,62.0,80.0,Q,1,True,Mrs,Unknown,B
831,3,female,15.0,14.4542,C,2,False,Mrs,Unknown,Unknown
832,2,male,0.83,18.75,S,3,False,Master,Unknown,Unknown
833,3,male,25.0,7.2292,C,1,True,Mr,Unknown,Unknown
834,3,male,23.0,7.8542,S,1,True,Mr,Unknown,Unknown
835,3,male,18.0,8.3,S,1,True,Mr,Unknown,Unknown
836,1,female,39.0,83.1583,C,3,False,Miss,PC,E
837,3,male,21.0,8.6625,S,1,True,Mr,Unknown,Unknown
838,3,male,25.0,8.05,S,1,True,Mr,Unknown,Unknown
839,3,male,32.0,56.4958,S,1,True,Mr,Unknown,Unknown
840,1,male,40.0,29.7,C,1,True,Mr,Unknown,C
841,3,male,20.0,7.925,S,1,True,Mr,SOTON/O,Unknown
842,2,male,16.0,10.5,S,1,True,Mr,S.O./P.P.,Unknown
843,1,female,30.0,31.0,C,1,True,Miss,Unknown,Unknown
844,3,male,34.5,6.4375,C,1,True,Mr,Unknown,Unknown
845,3,male,17.0,8.6625,S,1,True,Mr,Unknown,Unknown
846,3,male,42.0,7.55,S,1,True,Mr,C.A.,Unknown
847,3,male,25.0,69.55,S,11,False,Mr,CA.,Unknown
848,3,male,35.0,7.8958,C,1,True,Mr,Unknown,Unknown
849,2,male,28.0,33.0,S,2,False,Rev,Unknown,Unknown
850,1,female,35.0,89.1042,C,2,False,Mrs,Unknown,C
851,3,male,4.0,31.275,S,7,False,Master,Unknown,Unknown
852,3,male,74.0,7.775,S,1,True,Mr,Unknown,Unknown
853,3,female,9.0,15.2458,C,3,False,Miss,Unknown,Unknown
854,1,female,16.0,39.4,S,2,False,Miss,PC,D
855,2,female,44.0,26.0,S,2,False,Mrs,Unknown,Unknown
856,3,female,18.0,9.35,S,2,False,Mrs,Unknown,Unknown
857,1,female,45.0,164.8667,S,3,False,Mrs,Unknown,Unknown
858,1,male,51.0,26.55,S,1,True,Mr,Unknown,E
859,3,female,24.0,19.2583,C,4,False,Mrs,Unknown,Unknown
860,3,male,25.0,7.2292,C,1,True,Mr,Unknown,Unknown
861,3,male,41.0,14.1083,S,3,False,Mr,Unknown,Unknown
862,2,male,21.0,11.5,S,2,False,Mr,Unknown,Unknown
863,1,female,48.0,25.9292,S,1,True,Mrs,Unknown,D
864,3,female,21.5,69.55,S,11,False,Miss,CA.,Unknown
865,2,male,24.0,13.0,S,1,True,Mr,Unknown,Unknown
866,2,female,42.0,13.0,S,1,True,Mrs,Unknown,Unknown
867,2,female,27.0,13.8583,C,2,False,Miss,SC/PARIS,Unknown
868,1,male,31.0,50.4958,S,1,True,Mr,PC,A
869,3,male,25.0,9.5,S,1,True,Mr,Unknown,Unknown
870,3,male,4.0,11.1333,S,3,False,Master,Unknown,Unknown
871,3,male,26.0,7.8958,S,1,True,Mr,Unknown,Unknown
872,1,female,47.0,52.5542,S,3,False,Mrs,Unknown,D
873,1,male,33.0,5.0,S,1,True,Mr,Unknown,B
874,3,male,47.0,9.0,S,1,True,Mr,Unknown,Unknown
875,2,female,28.0,24.0,C,2,False,Mrs,P/PP,Unknown
876,3,female,15.0,7.225,C,1,True,Miss,Unknown,Unknown
877,3,male,20.0,9.8458,S,1,True,Mr,Unknown,Unknown
878,3,male,19.0,7.8958,S,1,True,Mr,Unknown,Unknown
879,3,male,25.0,7.8958,S,1,True,Mr,Unknown,Unknown
880,1,female,56.0,83.1583,C,2,False,Mrs,Unknown,C
881,2,female,25.0,26.0,S,2,False,Mrs,Unknown,Unknown
882,3,male,33.0,7.8958,S,1,True,Mr,Unknown,Unknown
883,3,female,22.0,10.5167,S,1,True,Miss,Unknown,Unknown
884,2,male,28.0,10.5,S,1,True,Mr,C.A./SOTON,Unknown
885,3,male,25.0,7.05,S,1,True,Mr,SOTON/OQ,Unknown
886,3,female,39.0,29.125,Q,6,False,Mrs,Unknown,Unknown
887,2,male,27.0,13.0,S,1,True,Rev,Unknown,Unknown
888,1,female,19.0,30.0,S,1,True,Miss,Unknown,B
889,3,female,21.5,23.45,S,4,False,Miss,W./C.,Unknown
890,1,male,26.0,30.0,C,1,True,Mr,Unknown,C
891,3,male,32.0,7.75,Q,1,True,Mr,Unknown,Unknown
